kdcode,dt,close,open,high,low,turnover,volume,OT
002821.SZ,2021-01-04,1.999512200568607,2.0927740642612718,1.9622618344020764,2.0435770759769305,-0.38004524107070925,-0.731971662537588,-0.6365952929398528
002821.SZ,2021-01-05,1.9791996712216389,2.0083295674043145,1.9801181275727848,2.026473600195558,-0.44245320602780847,-0.7396429206499441,0.13020331935933238
002821.SZ,2021-01-06,1.9739131453158305,1.9734900967064632,1.940426816800367,1.9993747520688456,-0.6399735451690258,-0.7839403837428336,-0.2555780384009539
002821.SZ,2021-01-07,1.974661468503545,1.9909083529639229,1.9695680942834632,2.0004320332253274,-0.4628982679797383,-0.7389015140183884,0.10674392924208188
002821.SZ,2021-01-08,1.906878911277739,1.9534331972316339,1.965132656055454,1.9261195538911355,-0.40092209835481707,-0.7593242015309127,-1.4118888595466255
002821.SZ,2021-01-11,2.004825772904259,1.9413927204847934,1.9429989729565447,1.9906616707174225,-0.4306449185595773,-0.7556822121146369,1.243275875732819
002821.SZ,2021-01-12,1.9171424823099183,2.01301860839911,1.9362070436125964,1.9847740414708008,-0.5394844699428676,-0.6936076775608347,-1.0735277866757214
002821.SZ,2021-01-13,1.895236392886706,1.925647210527949,1.8932521185106765,1.9436476762893065,-0.542458948353368,-0.6853794966488288,-0.6019895476364787
002821.SZ,2021-01-14,1.8642616969312487,1.913952114725458,1.8797390171520074,1.9084230979055194,-0.5346922254099443,-0.6829093805330361,-0.7046329261556027
002821.SZ,2021-01-15,1.863634581411264,1.8598883738170673,1.8460275921778935,1.9263927807363495,-0.48350609803068056,-0.6615510366671168,0.048600542590116584
002821.SZ,2021-01-18,1.8874817390781482,1.8730901660666752,1.868589289585673,1.8534426255453018,-0.4381828544978027,-0.6609748713413289,0.38615210241186554
002821.SZ,2021-01-19,1.9844962058917492,1.8874221115049745,1.9071170265921427,1.9766827150218005,-0.5625183397177153,-0.7078554212140803,0.6925994998459439
002821.SZ,2021-01-20,2.0826466886046724,1.9854107920259627,2.0542892434397033,2.0318576728338997,-0.10620197614159152,-0.6706885818460829,1.9715039698409698
002821.SZ,2021-01-21,2.0329053925650094,2.096215846881862,2.0354459065251036,2.045688454196503,-0.37238862935210815,-0.6629383923045288,-0.4857944898002452
002821.SZ,2021-01-22,2.167139311744987,2.053207672015274,2.176137153761221,2.10001491386551,-0.258494161920804,-0.7399233633459251,2.007396010040846
002821.SZ,2021-01-25,2.004669531976771,2.169579256171068,2.0548073770279514,2.0945767516091593,-0.24907180327902445,-0.7442847401457687,-1.1188569277105713
002821.SZ,2021-01-26,1.938866045660756,1.9897278994123764,1.9663179491856417,1.9678576836975885,-0.22111936588116188,-0.7128189293400301,-1.2939469112752429
002821.SZ,2021-01-27,2.0098262260832573,1.9505642558517098,1.965772292832975,2.005402390568034,-0.41259954860438636,-0.7352755033453654,0.5446962089162333
002821.SZ,2021-01-28,1.9715237410713888,2.012061085203756,2.0013083273588674,1.988909414896697,-0.3284666269071574,-0.7448015577340101,-0.6273355491810261
002821.SZ,2021-01-29,1.8875564924288009,2.0088678795103516,1.945990473205022,1.8765658333200845,-0.22609571748868423,-0.6962004736031767,-0.5662880566993512
002821.SZ,2021-02-01,1.88826473535218,1.9182527838227124,1.859275802379772,1.9009890128210496,-0.346097264827295,-0.7335912682309864,0.05248851416317074
002821.SZ,2021-02-02,1.8410407785981817,1.8961754503654216,1.8191507290136548,1.8650551755951423,-0.40217313659307186,-0.7558937505913619,-0.1544485348849679
002821.SZ,2021-02-03,1.9564665549612699,1.8457974168333489,1.9305126090784508,1.868092111552529,-0.16696745505728283,-0.6502329921446521,2.099171196999257
002821.SZ,2021-02-04,1.9691946114300989,1.916553799558552,1.9477318111253077,1.9846979562452625,-0.43714533403475736,-0.730916800075359,0.37583187992797507
002821.SZ,2021-02-05,1.929323983672043,1.964768229330522,1.9408167889265917,1.9648668170189227,-0.21199762770702052,-0.6454033077160293,-0.13808683900074428
002821.SZ,2021-02-08,1.9928200440424493,1.9190594150401497,1.9438053622200824,1.9640259148529877,-0.17730118350290222,-0.7045579806604294,0.9193071228755026
002821.SZ,2021-02-09,1.9200294628020407,1.9679860431531238,1.9339857036299928,1.9911420689397523,-0.3956483210894932,-0.7191268263980427,-0.831005241632169
002821.SZ,2021-02-10,1.8673390917163177,1.9150957177147523,1.847392198186409,1.8903344439236154,-0.35752983486015855,-0.7009694643042549,-0.3503084156977205
002821.SZ,2021-02-18,1.7449577511189656,1.8351987971826564,1.8051262917924582,1.775208559425059,-0.2394448479321576,-0.7038737628162339,-1.9511765343728056
002821.SZ,2021-02-19,1.8056727416487044,1.7578236813274863,1.7555018058435883,1.8051724733863972,-0.41356059943961215,-0.7113729583049286,0.24026628258669572
002821.SZ,2021-02-22,1.7676143157543702,1.7830893566689645,1.7638164846203255,1.7807660099214995,-0.3668124457969623,-0.6401942593316781,-1.4036274496627148
002821.SZ,2021-02-23,1.748267106803254,1.7728029666540206,1.7447966616901163,1.8007121488720625,-0.5680596557864015,-0.6078161680514271,-0.21811783587092282
002821.SZ,2021-02-24,1.734200212652896,1.7390697774764496,1.735259148662739,1.7521210294479304,-0.3805887826789257,-0.6343061699339779,-0.9080946587308542
002821.SZ,2021-02-25,1.7508259563661706,1.738326788180892,1.7342252492399564,1.78190441819445,-0.5331688441239891,-0.6070138014910689,-0.028073653853513413
002821.SZ,2021-02-26,1.7756384112299055,1.7388623242670223,1.798558122707129,1.7533265031592815,-0.3940166210623009,-0.631221083061257,0.17440756632504653
002821.SZ,2021-03-01,1.7929846465221346,1.7869986976759114,1.7678538057341,1.7800137396699702,-0.4620940205102435,-0.647145810622141,0.3917249487588277
002821.SZ,2021-03-02,1.810520368705562,1.7888690922794375,1.7971987078353029,1.807714656690884,-0.4748194581573038,-0.5920587838578367,-0.15561034749581917
002821.SZ,2021-03-03,1.7992878062178637,1.8173594371459143,1.7933142926204781,1.8331919242596733,-0.5664513032677666,-0.5986130717239329,-0.14153172735536876
002821.SZ,2021-03-04,1.796198894899772,1.8018111675156685,1.788970141892063,1.8100622649860554,-0.39473397738835564,-0.5979661407407135,-0.8082536832321863
002821.SZ,2021-03-05,1.8031520440600128,1.7915242545116963,1.777785916796582,1.7891701409416125,-0.20924278636824267,-0.5856559261686599,0.2785213242607398
002821.SZ,2021-03-08,1.7907601136577997,1.8073813751143564,1.802569111453318,1.7940750896650406,-0.4369196522524575,-0.6076543734494485,-1.1295719172728942
002821.SZ,2021-03-09,1.781498459699321,1.792413071574896,1.7648717158716913,1.793193859925754,-0.3990991288020789,-0.6399304209298207,-0.2955348209699424
002821.SZ,2021-03-10,1.8523241630565979,1.7664750973881598,1.8549757807570377,1.8060156347852308,-0.220455450911525,-0.6152606923159859,2.1682857486237
002821.SZ,2021-03-11,1.8780022361221895,1.870968894214579,1.8875838371198226,1.8669187813855097,-0.2547198013936838,-0.5788092591370954,1.0495974244013786
002821.SZ,2021-03-12,1.853551232083365,1.8779813006205137,1.837408559064391,1.8450603299531956,-0.3808820976153391,-0.6281032567574912,-0.5425661832898455
002821.SZ,2021-03-15,1.7948704883074411,1.845165286742913,1.837282733197315,1.7961832535282163,-0.32290362878964,-0.6110711800918799,-1.727621333218082
002821.SZ,2021-03-16,1.854801227510622,1.8248588023648904,1.839948420264054,1.8441803077053311,-0.39856811623056115,-0.6674112640375209,1.7331312456689472
002821.SZ,2021-03-17,1.9827903907924183,1.841891358627582,1.9906750837205225,1.8796395386562996,-0.057414917574266186,-0.6509204645582022,2.380436639104064
002821.SZ,2021-03-18,1.9278983585348286,1.9689405542368226,1.9224806833278314,1.9637864261986824,-0.502093242041898,-0.7036261088306381,-0.39213186576180403
002821.SZ,2021-03-19,1.9363295166695336,1.9413808212691834,1.9337891345537404,1.9539384884759052,-0.5497994026317808,-0.7055980580420974,-0.21141542449335662
002821.SZ,2021-03-22,1.9727318974401489,1.9336696865432523,1.9946736087790395,1.969267916759996,-0.33760985986377723,-0.6404292865750731,0.17233510521838308
002821.SZ,2021-03-23,2.0641978161295778,1.972671292533023,2.0154112062712635,2.0479230091129725,-0.4083504768621489,-0.6457867736667113,1.4204264610863209
002821.SZ,2021-03-24,2.1306177273052995,2.0904013768023897,2.1046378788729783,2.113922933269736,-0.44703016625129904,-0.7141761142624647,1.3183163972023215
002821.SZ,2021-03-25,2.172972469203008,2.127678388028563,2.1495845719300126,2.1393437890289624,-0.2998010740998989,-0.640845127096098,0.9338645800926763
002821.SZ,2021-03-26,2.186169705570946,2.1608809257173878,2.197394460190029,2.1816783146385768,-0.048279346756097866,-0.669668031179668,0.7946827648023221
002821.SZ,2021-03-29,2.133561268825785,2.1842685138645748,2.1551761065572554,2.180807869766322,-0.43922480512801954,-0.6998919986241462,-0.7484941445970666
002821.SZ,2021-03-30,2.1588339126082263,2.1303097903015358,2.179671159853972,2.145171560386375,-0.3038681133530761,-0.6867713294512564,0.7649236740765497
002821.SZ,2021-03-31,2.144816624300139,2.1695931109076776,2.1382733181120672,2.153294818998253,-0.48902689641099933,-0.6701599127965283,-0.49346140928889765
002821.SZ,2021-04-01,2.1306417216407105,2.1517402178159397,2.1172474961981016,2.153372740127559,-0.4445144947139446,-0.6917171362253837,0.5104662274123807
002821.SZ,2021-04-02,2.0702434369529064,2.133664239043384,2.0739393891851248,2.110366899100014,-0.413875639182569,-0.7078594955539973,0.07819342506862047
002821.SZ,2021-04-06,2.038761838761378,2.0516110328250456,2.040455584890854,1.9916319466997412,-0.11221349522170591,-0.7094543374282086,-1.0785072434475276
002821.SZ,2021-04-07,2.096039934549246,2.0360861812984425,2.0437346961706133,2.098650402999652,-0.5052152773963104,-0.6425897437021295,0.4108741704997985
002821.SZ,2021-04-08,2.1632789036430737,2.105693115999237,2.143147378161055,2.108191330560764,-0.1261320602699686,-0.5789655310271301,1.8162524888945182
002821.SZ,2021-04-09,2.161720333915178,2.194195430377597,2.1622163332374513,2.17087279669869,-0.35354558833928384,-0.6052458596425799,-0.5150416817237172
002821.SZ,2021-04-12,2.0730566211088335,2.144183373904444,2.1376844141651064,2.062880048140918,-0.136958036255998,-0.5783560784060012,-1.2488206566517586
002821.SZ,2021-04-13,2.1333909875191135,2.0899245143790335,2.1054579790242682,2.118202993602448,-0.30455826937081243,-0.5998994482078178,1.294878119089063
002821.SZ,2021-04-14,2.04422970816885,2.131965059879782,2.1143560388694587,2.0047366819135055,0.17691333240760723,-0.5426189076934521,-1.495079489201641
002821.SZ,2021-04-15,2.131013063801555,2.0544840254284042,2.0948968091779383,2.1180959263289942,-0.26782626711881646,-0.6264111178492394,1.5061154129076593
002821.SZ,2021-04-16,2.0686611100936387,2.141938829396631,2.105214355791835,2.0258155475961326,0.3209058845865025,-0.6478494579098055,-1.4117532279939156
002821.SZ,2021-04-19,2.0905230190815907,2.048232878834779,2.0780201129605556,2.0822031211999863,-0.21801338614311275,-0.6969566655670977,0.7417828121046878
002821.SZ,2021-04-20,2.101296860090615,2.0816523635954005,2.0877610422616066,2.0811706156360725,-0.35186643305022436,-0.6941871989395348,0.5252008433049228
002821.SZ,2021-04-21,2.0344924728693536,2.113489248078308,2.0493088670322064,2.052192008416802,-0.1296023525865147,-0.6413676089146203,-0.7128144217948431
002821.SZ,2021-04-22,2.056006857697382,2.007265959200582,2.031613086009637,2.024430103015645,-0.2637788289521317,-0.6755142915683144,0.289907002799127
002821.SZ,2021-04-23,2.014418265593946,2.0586971389777315,2.0364868561911194,2.0401481297018957,0.005960331073198465,-0.660874193937273,-0.11881516921528339
002821.SZ,2021-04-26,2.000353030630814,2.0016916099230224,2.022292807027117,2.0105859111930084,-0.09108520701509404,-0.6704768973668783,-0.3556401649067317
002821.SZ,2021-04-27,2.1084627549420336,2.0343988206026413,2.106277634076493,2.021338336129069,-0.01758644890880897,-0.6484839960605663,2.255046022566227
002821.SZ,2021-04-28,2.2172418268420753,2.1402642317304075,2.1909182329371246,2.181807996034612,0.12248934176693631,-0.6695509326681868,1.867352339291948
002821.SZ,2021-04-29,2.233463743262564,2.193805748572032,2.2086017386782366,2.233016724998802,-0.29091727398291695,-0.7233960788752519,0.013331456112465953
002821.SZ,2021-04-30,2.212042350028416,2.206070351511464,2.188888660849357,2.220958998738363,-0.5492287424719877,-0.7393913963127159,0.11963710203797219
002821.SZ,2021-05-06,2.260756669839,2.17738059774173,2.2407323709073657,2.2527987541233983,-0.40591695625195107,-0.6714660490198997,-0.2505233585240051
002821.SZ,2021-05-07,2.2018176794424815,2.258772597830163,2.23135289996322,2.2017474368854297,-0.21186435693727054,-0.5946797723713889,-1.3606124528148813
002821.SZ,2021-05-10,2.2590324926449994,2.2123977962217296,2.3368526128034826,2.272984224404276,-0.2286273928433025,-0.5516049376905603,0.46419342694413696
002821.SZ,2021-05-11,2.3631747302232995,2.253047464951845,2.376723238131748,2.2811639582752736,-0.08425097316972827,-0.5612120942911542,2.004152811045485
002821.SZ,2021-05-12,2.4904881106023327,2.36508033012255,2.4682152648046127,2.39046093584016,0.13339462876337632,-0.6387084304974328,2.6285623788643693
002821.SZ,2021-05-13,2.5359834808580795,2.49721298363207,2.5273958827123164,2.51375385349232,-0.2315564348584146,-0.597345331887952,0.7836476614500423
002821.SZ,2021-05-14,2.4455729021569783,2.5079195543430455,2.4788844373034387,2.493573862151059,-0.29319280263690367,-0.7224258769563269,-0.9227140826634116
002821.SZ,2021-05-17,2.468226708697294,2.4581241931552826,2.4936147584923294,2.4717290499355205,-0.2227008066716463,-0.7198217801794379,0.8358319902200537
002821.SZ,2021-05-18,2.468607094085621,2.495680058028701,2.496518160249461,2.445670656110798,-0.23493304094878786,-0.6827825300711025,-0.1446733499375969
002821.SZ,2021-05-19,2.348521555313507,2.475594562304525,2.4646555507002375,2.3705486471992665,-0.034456795591999545,-0.6947316184745639,-1.6899526757927597
002821.SZ,2021-05-20,2.4140807719378903,2.3357669822589906,2.406525630219871,2.344670489054885,-0.16374069951205023,-0.6974538041072931,1.4121954177103802
002821.SZ,2021-05-21,2.4503615407046677,2.4090682586166,2.4278410937649437,2.437101555421263,-0.24717982322060986,-0.6887505868502996,0.2929621169176948
002821.SZ,2021-05-24,2.4811591011349576,2.470655368661851,2.44380868374466,2.4511173423424006,-0.3646916601636029,-0.7254101058176627,0.269042147721817
002821.SZ,2021-05-25,2.4018912882818246,2.4597875748866023,2.3968831765851073,2.4720736145955033,-0.4030677367439607,-0.7681300320887721,-0.5832365789223696
002821.SZ,2021-05-26,2.4026696994943118,2.3840325994394136,2.359020071063459,2.400836763983865,-0.5270992689575801,-0.7688281920151545,-0.3112166929553173
002821.SZ,2021-05-27,2.373036538562756,2.412216647428525,2.3594568736020927,2.384728480825794,-0.5859296352620876,-0.7996447022464269,-0.3454722832136306
002821.SZ,2021-05-28,2.31880828020796,2.3861569205578554,2.3599710735954917,2.3104510946447774,-0.2123763993900709,-0.6607486265957291,-0.9869591911605363
002821.SZ,2021-05-31,2.4035794752048205,2.2875830228848764,2.377291692351341,2.330258872600499,-0.16689978824630897,-0.7276167616031938,1.3386743157220913
002821.SZ,2021-06-01,2.4348409265345845,2.4066363654174303,2.414087973161202,2.43094798851924,-0.40754581867173256,-0.777004985938825,0.8059212245673634
002821.SZ,2021-06-02,2.427732870965525,2.417927517287838,2.4020380725696535,2.435749707714949,-0.5953986556919354,-0.7842187536495421,-0.36341360606817974
002821.SZ,2021-06-03,2.4583228315269663,2.4488989233465768,2.415734477422794,2.441925041757983,-0.48518024222511397,-0.6804847089017461,0.5922840211870364
002821.SZ,2021-06-04,2.4972011567905783,2.446013308703944,2.4792899501321854,2.461866469759752,-0.4145159194152345,-0.7160822745402888,0.9987509591776762
002821.SZ,2021-06-07,2.4947591451146844,2.467170679927734,2.457668123209918,2.445032723876474,-0.4856885241704723,-0.787767198380785,0.09409007167962387
002821.SZ,2021-06-08,2.4893826139696342,2.4882005757244396,2.5140896531152745,2.497803194992031,-0.3604430506418136,-0.7770666378429435,-1.0053323930459397
002821.SZ,2021-06-09,2.462316631297388,2.4921810158837934,2.4469285056906163,2.468405581436224,-0.42838715796152227,-0.7415369818901044,-0.11474005691296622
002821.SZ,2021-06-10,2.535667767013771,2.4647279067259316,2.5321233002047405,2.471015852505223,-0.3327791888459288,-0.7818269680583712,1.361697507105987
002821.SZ,2021-06-11,2.577739265908037,2.533183659804845,2.5226686125502087,2.578554884440362,-0.4593952890677449,-0.7453565214747908,0.4815669180681671
002821.SZ,2021-06-15,2.6060818385644238,2.5581191367800447,2.578357328189506,2.5683731243336663,-0.40200689007522966,-0.7760468329753608,0.8385379872514303
002821.SZ,2021-06-16,2.4092960723618337,2.622839877789333,2.5986281565406983,2.4329011158837477,0.295749342575234,-0.692789977038149,-2.691872524959458
002821.SZ,2021-06-17,2.4427346188193875,2.3908114720032443,2.4537899086858332,2.4151350353922,-0.11526451539944604,-0.7200235380062179,0.8515171932078051
002821.SZ,2021-06-18,2.498244632058326,2.47058471232038,2.507946238736014,2.542361875707723,-0.38332928506981073,-0.7031778460716,0.46206898644311867
002821.SZ,2021-06-21,2.546909575404898,2.5309941088911945,2.522230172842392,2.5198178267804856,-0.4098623393736589,-0.7778683647534778,0.4957660125654652
002821.SZ,2021-06-22,2.5390156755213757,2.56065458324382,2.528297264612095,2.5893379539407055,-0.3911711503992316,-0.7636968475807467,0.27960593785812543
002821.SZ,2021-06-23,2.5080842364301685,2.5607363366014875,2.5009956817793366,2.5373059679713093,-0.36501564643667705,-0.7809441937545063,-0.8357305591021637
002821.SZ,2021-06-24,2.3873915221146507,2.5058978407653956,2.4648044984207784,2.3819604757660096,0.12682571105107543,-0.7487533362906669,-1.8777919466827118
002821.SZ,2021-06-25,2.413477992336433,2.383894608368401,2.4009115152444656,2.3993586353895666,-0.42295955734322754,-0.7476343163204695,0.8023975202076289
002821.SZ,2021-06-28,2.4101777832576214,2.397953201736752,2.3985645757391443,2.4124958856182697,-0.49894998033940346,-0.8510440249344524,0.3162223182677143
002821.SZ,2021-06-29,2.342024222788984,2.397932024021427,2.3810089389263545,2.3848998399144614,-0.3682171557088122,-0.8096993905798076,-0.7564591748731957
002821.SZ,2021-06-30,2.24229569350189,2.3482198534754652,2.2841806103117213,2.2986734974416065,-0.16704937135683456,-0.8059620131371358,-1.4250740627125282
002821.SZ,2021-07-01,2.2821106147114785,2.2425334777699724,2.2665433177645333,2.2635217823833873,-0.3215852680637284,-0.8353887997657199,1.0304904053283408
002821.SZ,2021-07-02,2.1753265636568173,2.3049953074513505,2.281684940084907,2.182015790168208,0.17518363829506853,-0.7852947577583699,-2.4006603957918564
002821.SZ,2021-07-05,2.0480518832790744,2.148193832176855,2.126590820300719,2.1131834147462283,0.1283989170043928,-0.7020276229272516,-1.2585643904945334
002821.SZ,2021-07-06,2.083894130542973,2.0694302769420627,2.0319789883384,1.9783476371605182,0.25567952184306664,-0.690396391050228,0.06567731881833962
002821.SZ,2021-07-07,2.2394454332531346,2.092422937393602,2.2391145166094977,2.12737730645264,0.08490716660674659,-0.5615168412384213,2.1073888799292155
002821.SZ,2021-07-08,2.14450079145554,2.249467416181314,2.1731572979556524,2.1611600580130585,-0.26047574995161255,-0.614852864995479,-0.8070789531482566
002821.SZ,2021-07-09,2.186383735074763,2.1427832044594917,2.1456900841408335,2.123289535149277,-0.1484976927390032,-0.5694237338269431,-0.019802318034510574
002821.SZ,2021-07-12,2.2533397872994687,2.1888876780489226,2.235189506168505,2.1762777897695638,-0.23025189478102603,-0.584486616379139,1.0481870313525916
002821.SZ,2021-07-13,2.2130573447244557,2.233680005608842,2.2071016095688876,2.2355590246462502,-0.46994900381490673,-0.621516552864598,-0.7997589953911577
002821.SZ,2021-07-14,2.2241796061734918,2.222900301625977,2.256918842304697,2.2531121241677807,-0.3479851376979325,-0.5662936297811859,0.38193141157047
002821.SZ,2021-07-15,2.177197636038276,2.2360551731677973,2.1780974279431313,2.2257579182170786,-0.35048680436701,-0.5842377111555372,-0.31079999997614355
002821.SZ,2021-07-16,2.1538022407099993,2.14392532605422,2.1506225126982224,2.168544953985844,-0.32397038875461354,-0.5977444073301529,-1.0980620808049844
002821.SZ,2021-07-19,2.131395107381788,2.1392656337601754,2.1590164983958813,2.174928867528547,-0.39868515346409616,-0.6645431319707288,0.32619922496809295
002821.SZ,2021-07-20,2.2620779087923255,2.150165039148407,2.2322232954147507,2.1871624081218117,-0.051058064184820534,-0.6583156211163012,2.498787835480192
002821.SZ,2021-07-21,2.2995317432879667,2.250282491790888,2.2806077289288567,2.2518453677400254,-0.27409400916036253,-0.6001790169164657,0.8733703761229564
002821.SZ,2021-07-22,2.28918439557362,2.306066935069445,2.2559616307988937,2.3183590799669327,-0.49362172150661887,-0.6234374949726155,-0.6775912815815993
002821.SZ,2021-07-23,2.192351813326622,2.3023042698046474,2.2522915133771755,2.2156759348976247,-0.3376242800014392,-0.5510814481711739,-1.6126897601846768
002821.SZ,2021-07-26,2.195087665552196,2.208129595167666,2.171742409062982,2.177162506310338,-0.38496075951154163,-0.6552580262094265,-0.5941006905973657
002821.SZ,2021-07-27,2.3882223254127384,2.1902677699001987,2.3057078397561983,2.315290836072821,-0.2221951882260959,-0.6115669965709525,1.6113652165279524
002821.SZ,2021-07-28,2.6481685533802906,2.4236699195296736,2.5836473525359334,2.482799799200801,0.15842474188194272,-0.6456917484844603,3.0632696046941916
002821.SZ,2021-07-29,2.6232721847197027,2.600785095106344,2.5942008578986067,2.6961674774836237,0.1996012308691984,-0.6589310237862754,0.08703973995318381
002821.SZ,2021-07-30,2.5911318966902828,2.667349455380857,2.5615599817822807,2.6623269546954917,-0.2009559521490068,-0.6370730434025502,-0.5374641003955763
002821.SZ,2021-08-02,2.6588738564646053,2.6391852039861163,2.59540760771118,2.639142521431349,-0.14819888024243344,-0.6941737546719359,0.04850691437155017
002821.SZ,2021-08-03,2.785107335392695,2.700575675077037,2.7206323455591255,2.784014528116185,-0.16015806158126,-0.6215191831883482,0.7926153399732614
002821.SZ,2021-08-04,2.832027378568748,2.83225567427349,2.8306422609517052,2.8205737662066444,-0.004712354590190196,-0.6142066189532192,0.609869356802421
002821.SZ,2021-08-05,2.903765824186062,2.8520179286409686,2.9501190915284283,2.8902579648961044,-0.11454527762348646,-0.6562659388555716,0.6273425841347483
002821.SZ,2021-08-06,2.818423936922624,2.8521840846507707,2.8383340293982116,2.8302932584179694,-0.03475630165841404,-0.6207484997758873,-1.3227407177194501
002821.SZ,2021-08-09,2.841179290890896,2.8413667474472573,2.7846422529897774,2.855682463301149,-0.31610084897444285,-0.7069198523788021,-0.1363173405121859
002821.SZ,2021-08-10,2.740996149637294,2.797252550506389,2.684886621720878,2.736409204173587,-0.30307918529719474,-0.7017778867197286,-0.6086902877699872
002821.SZ,2021-08-11,2.8012476822626575,2.723655371369945,2.7426792016303,2.797802426295202,-0.5095330869065801,-0.6859706956330202,0.24656534716401657
002821.SZ,2021-08-12,2.7167156725531156,2.750753757057188,2.7715266598069777,2.7375541555340384,-0.3385302000687668,-0.612843443895421,-1.1790250035958756
002821.SZ,2021-08-13,2.843568380735981,2.7896548154765024,2.8210100822439217,2.8251292092550244,-0.18479550349644666,-0.6259460720390327,1.3074241803904074
002821.SZ,2021-08-16,2.5102960403346803,2.6863846730562946,2.5982302655541005,2.587105971123624,0.26740909522241074,-0.6311687659105658,-3.074962927947011
002821.SZ,2021-08-17,2.4075934022008147,2.4439388706946605,2.483484728168875,2.4100346645694546,0.6055036655350221,-0.6628161701037839,-1.9630622655459717
002821.SZ,2021-08-18,2.3631601022152027,2.4868109395816385,2.449595312678456,2.3894393075783364,0.09058943320559727,-0.6891553510590719,-0.7699919284975124
002821.SZ,2021-08-19,2.3863137342994785,2.3763918471880405,2.367318257163744,2.400031847238632,-0.16216665297152158,-0.6263599847115832,0.681313482633382
002821.SZ,2021-08-20,2.363983557969031,2.397797960369725,2.4397070568834067,2.4243843406628747,-0.05894074071456363,-0.6957179471831457,-0.8152207121185515
002821.SZ,2021-08-23,2.2944591403754746,2.361435768166517,2.299029722176811,2.3852025684477596,-0.2007247207633318,-0.6778077276982315,-0.2917429138370096
002821.SZ,2021-08-24,2.4231592230073855,2.3265640472626568,2.462157973743374,2.315978899136043,-0.05470313088906457,-0.6258913537591391,1.833326399666284
002821.SZ,2021-08-25,2.4370459832908065,2.4267458547002847,2.4114163838756406,2.48161961797115,-0.45945796757480184,-0.6253091296004927,-0.04667824117931333
002821.SZ,2021-08-26,2.3744772457239,2.410431347573796,2.3600023937477426,2.402411828821714,-0.45151696784718126,-0.6302535930238782,-1.0593872142306
002821.SZ,2021-08-27,2.376225222359308,2.3882653222322556,2.407612043000989,2.4298533660188406,-0.4318620724965269,-0.6410924293304874,-0.06212835054940438
002821.SZ,2021-08-30,2.373839911166754,2.382381678527781,2.365401465708202,2.4207541921951736,-0.44448665744723753,-0.6999718434761585,-0.3511051935658473
002821.SZ,2021-08-31,2.451495851865526,2.365479017366754,2.4193257918763065,2.467457989881868,-0.5299886590948675,-0.7209803158971496,0.041886394287514124
002821.SZ,2021-09-01,2.5131737612347043,2.445336263615957,2.486732598217843,2.54465514632776,-0.5668293735307645,-0.645135212830321,0.1510165466364697
002821.SZ,2021-09-02,2.423049529463715,2.527071937759165,2.5413778122447335,2.4178956484540257,-0.4718417144475713,-0.6571104123901553,-1.6375006924767592
002821.SZ,2021-09-03,2.3461843148760515,2.4602345826985177,2.374713902107464,2.3697456817680767,-0.3661135755283552,-0.6926194030691237,-0.7594067558178679
002821.SZ,2021-09-06,2.532035205843855,2.377548339869367,2.4837187695661025,2.3671185366810596,-0.25312367950793346,-0.6675830044913019,2.8959270367405545
002821.SZ,2021-09-07,2.575151971066645,2.5262042428940146,2.5490211032784544,2.5627444315987358,-0.41438397656152975,-0.6791318631109704,0.13112470071313687
002821.SZ,2021-09-08,2.685224848132097,2.5727775667754442,2.619592802399159,2.5965294849143747,-0.5220299324015637,-0.6491368283289071,0.5971269152432312
002821.SZ,2021-09-09,2.7268913585961276,2.6446977673714724,2.6945508818101995,2.704061367152055,-0.6473645087977442,-0.6334122192953904,0.25238074852549375
002821.SZ,2021-09-10,2.677641569254537,2.721302038286192,2.650019320037414,2.6704467403729275,-0.6783698889902602,-0.668149870633788,0.10793951816500887
002821.SZ,2021-09-13,2.809689724665494,2.691642331392602,2.716401106827529,2.7922357864833045,-0.5735606343824177,-0.6612982776173763,0.7559376618566184
002821.SZ,2021-09-14,2.938945857166019,2.787371760568213,2.9112655435026182,2.8288238078419448,-0.261982461651615,-0.6552808900046606,2.5140981980744552
002821.SZ,2021-09-15,3.073754415336262,2.933038556548429,3.0304984030884574,3.0459992893410495,-0.301905240410919,-0.704110337504476,1.2281039741287203
002821.SZ,2021-09-16,3.157119367659706,3.049305114689481,3.058143296367676,3.0842933012292453,-0.43392550891662146,-0.6935637068528344,0.9272939013965077
002821.SZ,2021-09-17,3.047387652297553,3.140325093049835,3.115762362110764,3.0944458386982916,-0.16228398673868924,-0.649537546173211,-0.5246417217647444
002821.SZ,2021-09-22,3.217343596474672,3.079313980346125,3.245775103519359,3.1447585888646103,0.12955745049275652,-0.6364943486898749,1.08002186570049
002821.SZ,2021-09-23,3.149107786865815,3.225890391006561,3.1425040858792386,3.1485248042747034,-0.4667000275910152,-0.6038722504789102,-0.6883639223137694
002821.SZ,2021-09-24,3.1758060334001392,3.163658167619143,3.140953207963943,3.144976799601163,-0.3969094330621418,-0.630243949253367,0.9556137603567352
002821.SZ,2021-09-27,3.0460769638677903,3.134100879017378,3.0475460898784448,3.103242397797915,-0.3313175290435503,-0.6781784904345176,-0.0400542830404979
002821.SZ,2021-09-28,3.1345552248759643,3.042133723224759,3.1174680468726113,3.1163691820950308,-0.2669522456955975,-0.6498663023660145,0.2359981541528033
002821.SZ,2021-09-29,3.1293157802366416,3.140240661464319,3.1477097639985336,3.173747551082655,-0.4226444487178338,-0.693279860650467,0.21394072707727874
002821.SZ,2021-09-30,3.1643416785353793,3.0922943631670616,3.1261975003251923,3.1292174955763614,-0.3289073120690435,-0.7047793703289408,0.8829659873041823
002821.SZ,2021-10-08,3.0089506657180802,3.1748957208945137,3.1527956582075887,3.070020783118353,0.012350229262286213,-0.7257666101076634,-1.3480902207673549
002821.SZ,2021-10-11,2.919157863226262,3.022083259995804,2.9818106286191908,2.9055324541087866,0.21946901537790506,-0.7232781596986588,-1.1324712633562228
002821.SZ,2021-10-12,2.852114075498596,2.913937616017555,2.911457178526487,2.8469451518953455,-0.1066656797103424,-0.7239820805434996,-0.47386391235367353
002821.SZ,2021-10-13,2.8197066821130634,2.8873657831336046,2.810853651526833,2.901275946792541,-0.28796157924750093,-0.7518635492424788,0.5647886408360442
002821.SZ,2021-10-14,2.7284444992968013,2.8364220828252926,2.7720919129474257,2.727043561405145,-0.20657455565571542,-0.7533025524692355,-1.1831720714855074
002821.SZ,2021-10-15,2.7724178172246563,2.7533312490695843,2.758381209489056,2.776072786250719,-0.26046813259889723,-0.7430703300806824,0.9907895710285463
002821.SZ,2021-10-18,2.7052886181923452,2.7723604894947873,2.7335870370335837,2.760699886865482,-0.2846434263675843,-0.7382453205844477,-1.1584526195196674
002821.SZ,2021-10-19,2.7643495120238812,2.709720169525551,2.7806199726225342,2.7494735280092533,-0.20161396999961514,-0.7634475700184923,1.0677490695127025
002821.SZ,2021-10-20,2.663852160843253,2.7473866570482164,2.7928891519565515,2.70857026718433,-0.12965333367050888,-0.6770714576769665,-1.0676429895939574
002821.SZ,2021-10-21,2.7559894433750447,2.682045585840677,2.6764689922628344,2.706791382731546,-0.20904501832152061,-0.6981115593001657,0.6616997327729695
002821.SZ,2021-10-22,2.661797018686071,2.708971032880734,2.6544371817809322,2.549740258817003,0.017598520464986497,-0.7176870397933548,-0.5484704596960821
002821.SZ,2021-10-25,2.664104878567857,2.671260810855099,2.669826351525509,2.6723561014993686,-0.38991066778652805,-0.7667846885888194,0.03016407129246302
002821.SZ,2021-10-26,2.577457420609444,2.643644065453034,2.6090944345769476,2.6058907735678427,-0.25629593591245026,-0.7574368270185726,-1.5515406850497986
002821.SZ,2021-10-27,2.6309986990447256,2.6774323901640806,2.6519037382626798,2.6551551082473015,-0.11955107142268083,-0.7472467882616084,0.6144607556244072
002821.SZ,2021-10-28,2.6605240509526022,2.613649154884816,2.6154114211049624,2.6524859318332425,-0.30246786390661723,-0.7160581193786878,0.5372143183995616
002821.SZ,2021-10-29,2.6390163620977627,2.6475190982294494,2.5973212788701567,2.635252697246637,-0.29271656652968997,-0.8100024788946012,-0.028832069886934233
002821.SZ,2021-11-01,2.5411765306110725,2.6406609161910173,2.574374888758091,2.62518659243776,-0.26462979729953634,-0.7663746159537036,-0.9532204218045753
002821.SZ,2021-11-02,2.5199149386298094,2.5441750845138906,2.514649521830758,2.575905038078758,-0.4618650912145189,-0.7964101375554131,0.2342506112435498
002821.SZ,2021-11-03,2.500614958521097,2.508116806910466,2.5052867279769244,2.479948958767134,-0.24555071193977626,-0.7402783919860731,-0.854742138255313
002821.SZ,2021-11-04,2.3285741784819507,2.517978111136579,2.4294075179654677,2.3864243434694807,0.07077795618346547,-0.7578500700178713,-1.8049911507274197
002821.SZ,2021-11-05,2.411728849658758,2.329278521196974,2.3703856622143085,2.3485381821703837,-0.17310463355377773,-0.7474329381514816,1.4599150438760722
002821.SZ,2021-11-08,2.36494510092714,2.6514111182133164,2.6468230536222546,2.3428436888825286,1.2244861993805425,-0.6670195839534581,-0.754113357893564
002821.SZ,2021-11-09,2.4696513967976044,2.349393327597487,2.4393370559516465,2.347033973257752,0.21997660142300038,-0.7650587824208227,2.1481877074785567
002821.SZ,2021-11-10,2.675588669235932,2.5263025147750353,2.6363912477278646,2.5493958190705412,0.07025646710352319,-0.7900724427134068,3.102040720264615
002821.SZ,2021-11-11,2.6962187538741107,2.697227523441516,2.711675966539696,2.688458986216316,-0.016848301475323145,-0.7396925988094109,0.197646070637219
002821.SZ,2021-11-12,2.755578910815473,2.6695540983992165,2.7121289363909558,2.7080742205971426,-0.2913741561409444,-0.7963513042636653,0.7078718974540911
002821.SZ,2021-11-15,2.780033667643596,2.723535814142791,2.777001669245917,2.8161110580137287,-0.38223961332519313,-0.8405251068661929,-0.0074435171859536945
002821.SZ,2021-11-16,2.7674217867671485,2.8054510398573234,2.73714396702852,2.7716255125820135,-0.25461400356155484,-0.7779851658135071,0.6346473904151276
002821.SZ,2021-11-17,2.989020161517561,3.096048552813865,3.035761019915188,2.943329272801737,2.4279341552298432,-0.6726300549120859,3.2015195338579967
002821.SZ,2021-11-18,3.027570932363299,2.9731450094079244,3.047316279465714,3.020513539924407,0.6744252512028919,-0.7621390430969613,0.5714057260545606
002821.SZ,2021-11-19,2.961084062638553,3.0318645389868286,2.9751564985371455,2.985050846566284,0.3205091514537305,-0.7735300199443784,-1.2917566299115488
002821.SZ,2021-11-22,2.901241164653427,2.987725175934661,2.907907087318558,2.958882159523096,-0.17748719035804877,-0.7938610112439339,-0.3165026912006742
002821.SZ,2021-11-23,3.022508932452368,2.9056155168798776,2.986410297972396,2.9234795383690813,0.14672388828788013,-0.6843174579892626,1.6156744592936625
002821.SZ,2021-11-24,3.105711530161063,2.9892389005864497,3.0699329869603584,3.013142763824481,-0.040229446388381364,-0.6743126825454495,1.4042441856265515
002821.SZ,2021-11-25,3.1068072627744625,3.0728091980908574,3.0565730520044467,3.1138013228958057,-0.3188070497624395,-0.7307878494136945,0.22303076264246177
002821.SZ,2021-11-26,3.2243021247885957,3.107958385251244,3.270788060032747,3.15400320239159,0.32295237658047543,-0.6770093621220238,1.6021424028462719
002821.SZ,2021-11-29,3.545417563470697,3.4979915482301984,3.5005958599782754,3.4544202093439083,1.3822007556211382,-0.6418507052804352,3.2356351167782407
002821.SZ,2021-11-30,3.4659754908672897,3.5138732011362275,3.5399585809506204,3.4977557730575115,0.6818400381225536,-0.7202674583134048,-1.259205554661483
002821.SZ,2021-12-01,3.294715944874877,3.460441234892322,3.413451107083042,3.330462910896239,0.6984398692726311,-0.7381702425765018,-2.4780625116146315
002821.SZ,2021-12-02,3.294379832240581,3.3482647557074516,3.3492153089522754,3.3103389580336073,0.21395605903126308,-0.7066990523522102,0.004593544688428063
002821.SZ,2021-12-03,3.1667742067783435,3.287925707809639,3.196978129744524,3.217912233590596,0.1012236943846737,-0.766034566890676,-1.4070661048055473
002821.SZ,2021-12-06,3.1344543223581423,3.1853662599197143,3.1476904093117413,3.132449541619326,-0.023527838623699185,-0.7209595365916148,-1.2004892545605617
002821.SZ,2021-12-07,3.1402466255542922,3.1192671252649458,3.1101040357071223,3.11014695032627,-0.13158619039456843,-0.7032996542419091,-0.6767141097103165
002821.SZ,2021-12-08,3.1392992626063116,3.1710482631796233,3.139955740106053,3.1470533602410713,0.015473053801774958,-0.7489217836624298,0.7065604181492637
002821.SZ,2021-12-09,3.126868469444395,3.151407186539869,3.142958173718391,3.1791405003931126,-0.18908263438087594,-0.6719025205499334,-0.042803962924678765
002821.SZ,2021-12-10,3.09015965615393,3.1147182335336017,3.0970419259803554,3.0270556762436844,-0.0217031158346969,-0.6924921411982037,-0.41293683639135487
002821.SZ,2021-12-13,2.9240755235822715,3.057010444995632,2.99877325289578,2.9656274155871056,0.25953187186994425,-0.7439718880669366,-1.999247926978921
002821.SZ,2021-12-14,2.9329298004929325,2.933057617605975,2.9245026734493798,2.971059632908493,-0.3272031909475,-0.7461032253782562,0.7208338583939842
002821.SZ,2021-12-15,2.8065215757319804,2.9415064302362834,2.9493568901222296,2.801639536566328,0.5634071583341778,-0.6373519395516689,-2.4865893396325935
002821.SZ,2021-12-16,2.8863336386467906,2.82625298660585,2.9373623344874638,2.891900206784115,0.7900035753200857,-0.6352154438041681,0.6415694514419973
002821.SZ,2021-12-17,2.953933399715243,3.016991858163743,3.091153888991846,2.9751033429715754,0.43401533913634943,-0.6854756843877696,0.3799718983497065
002821.SZ,2021-12-20,2.881860189322824,2.976798036002869,2.920245048230869,2.888893869956754,-0.021386196136236785,-0.7228810195096443,-0.7960558814922318
002821.SZ,2021-12-21,2.8813178056552653,2.9023685165396382,2.8854313175043833,2.914430964920117,-0.15448135149740316,-0.7650041518791315,-0.18267714479167235
002821.SZ,2021-12-22,2.8941171729458612,2.8610066035866177,2.8625385806516266,2.8347091866566663,0.3130220458804293,-0.7523214983878511,0.38440152888222245
002821.SZ,2021-12-23,2.9302923390558324,2.973485347894721,2.953150392968705,2.953636199916042,0.13695660872447646,-0.6796338411355589,0.6199231802753892
002821.SZ,2021-12-24,2.8746162275837275,2.93280813173467,2.884424648510835,2.879409375141712,-0.31519359605434666,-0.6852440479052841,-0.5787547376410803
002821.SZ,2021-12-27,3.0850536921696756,2.8774663560361957,3.0163251196216674,2.933190748629953,-0.022953992202011247,-0.7370064864635952,2.4225830637991796
002821.SZ,2021-12-28,3.0865097062251543,3.03683427182514,3.0899200984104436,2.9824165129514735,0.8401471419917671,-0.7229857319218694,0.43263195627526324
002821.SZ,2021-12-29,3.1044089596093896,3.0501598371013237,3.2118409693028256,3.1283846383382374,0.29954099614255186,-0.7967984052083611,-0.8748214331522484
002821.SZ,2021-12-30,3.169432421731799,3.129689799409453,3.140798328344047,3.1026236207465163,-0.025329794302049576,-0.7893313903128022,1.3094745322373953
002821.SZ,2021-12-31,3.0018007174836976,3.1583704675787163,3.1096641169699537,3.02620896119311,0.4792770495844787,-0.7845748038555097,-2.591210550113141
002821.SZ,2022-01-04,2.7240074111979777,2.8834324960307827,2.855656317020009,2.7763550636062186,0.07435256236806692,-0.8387322198192574,-3.029081910230801
002821.SZ,2022-01-05,2.669722029010063,2.725949411148477,2.683345194289339,2.662510045338805,0.5579288075093111,-0.7474146264309608,-1.1670178271613618
002821.SZ,2022-01-06,2.700547731372196,2.669200359596842,2.6629845447982796,2.728690549918404,-0.204705869406518,-0.8177315899247146,-0.2185021958703677
002821.SZ,2022-01-07,2.5920531232477604,2.6890016205858718,2.673425549115767,2.5188801024458787,0.8678409732871432,-0.6385884851953895,-1.8434554633962708
002821.SZ,2022-01-10,2.55527991769037,2.6092470170609565,2.5654856524134506,2.496818863093091,0.4884321775582878,-0.722151831461824,-0.6525096186864842
002821.SZ,2022-01-11,2.5755010272800654,2.5177485498615817,2.569646458337797,2.5696263723175634,-0.0042548344818934564,-0.774461320731968,0.011025946587211293
002821.SZ,2022-01-12,2.6240179145351985,2.5511622184327982,2.6100521741924196,2.5652790117115436,0.2997717132134994,-0.6820835874442986,1.1285775815813246
002821.SZ,2022-01-13,2.6755643973086642,2.617960083353752,2.6518226045687556,2.635231707408718,0.06967509023443155,-0.744361733057983,0.4636787829588807
002821.SZ,2022-01-14,2.5819190501151366,2.636340671240519,2.6195573237754606,2.636095453405874,-0.30550009169954295,-0.7808026728118885,-0.6053719980166841
002821.SZ,2022-01-17,2.7120073007748995,2.6272511114911903,2.7060030986925687,2.6735037282468412,0.2802608094415064,-0.7803478054510837,2.3129472036392107
002821.SZ,2022-01-18,2.754803280976199,2.743756960713652,2.789113977233485,2.7074208624314586,0.31770000025585976,-0.7207654781338928,0.4517175086237202
002821.SZ,2022-01-19,2.6294375257922002,2.7475211126922465,2.7132273343879203,2.6235483496232743,0.16663250219424944,-0.7492175948334457,-2.2746152762762177
002821.SZ,2022-01-20,2.532820386813029,2.644973049998393,2.5890537293934432,2.5832170707032667,-0.1644086500897507,-0.7305029926648986,-1.372743180847158
002821.SZ,2022-01-21,2.5362808481661054,2.5392297241365034,2.578448300571333,2.5825025249990605,-0.11761914938355177,-0.766588244613582,0.1251582905225564
002821.SZ,2022-01-24,2.4883718763829568,2.55190890624116,2.5735819696269173,2.5521641237626884,0.034051187297886816,-0.7990380724110728,-0.664682068765932
002821.SZ,2022-01-25,2.617881007274366,2.5195689850871203,2.568027547586547,2.548921589968281,0.3495471833133378,-0.7608284418478887,2.501727739381224
002821.SZ,2022-01-26,2.433200520156986,2.6276197952250526,2.5823613921195223,2.512123101837083,0.8040081183232184,-0.7640421667729358,-2.5787686982104074
002821.SZ,2022-01-27,2.4647295525618356,2.4528037482534955,2.4944892527525164,2.4704760658116713,0.138635233952994,-0.7723936396903757,0.5274103495648189
002821.SZ,2022-01-28,2.492091896282351,2.472160827599063,2.4587910745244423,2.462358592864557,-0.032678203261507735,-0.7634317017771757,-0.07030452677829481
002821.SZ,2022-02-07,2.5125656679653297,2.51736733771566,2.5351124269489653,2.5392425034621877,-0.292870596085743,-0.7095530230364517,-0.348965006597017
002821.SZ,2022-02-08,2.4307005605362932,2.322879899093783,2.421978722000829,2.3736486773340353,0.7446693311147409,-0.6542304224915922,-1.9638315035757798
002821.SZ,2022-02-09,2.310145939408392,2.450733979911737,2.373849358750508,2.351994182979584,0.3631533994315245,-0.6925897335648085,-1.677854011474646
002821.SZ,2022-02-10,2.101300127107155,2.2965986250086834,2.2703579558607387,2.139043295943215,1.1472881893950502,-0.6338565354084578,-3.0603022621067035
002821.SZ,2022-02-11,1.9971468909804733,2.0634510551279845,2.0512375165228107,2.0137912413325534,0.4482396216363863,-0.7043440863149213,-1.7263055030374472
002821.SZ,2022-02-14,2.1368396187837337,2.133968851167461,2.118821351080644,2.1497459968484183,0.5516602056513594,-0.6890786558977575,3.028604672856908
002821.SZ,2022-02-15,2.315860658520501,2.1291779920881178,2.2943027369087456,2.0955485602559323,0.6649548919311384,-0.6838673100830089,3.0086731518194147
002821.SZ,2022-02-16,2.3251650013452765,2.3264813483832576,2.4048698833510627,2.344604850886419,1.4337039146459711,-0.6158855791267667,0.06335851983528994
002821.SZ,2022-02-17,2.3249110128166013,2.3238020769997965,2.331272409412354,2.3214382048652267,0.2114170354497003,-0.6939695919310045,0.23173982992760211
002821.SZ,2022-02-18,2.325448769332055,2.326071037238789,2.36971495361176,2.3363656268169906,-0.019183501001739163,-0.7236198325880737,-0.3390784329617562
002821.SZ,2022-02-21,2.437052131385218,2.626722810369911,2.5876069017484884,2.4030696883002327,2.0581879860710335,-0.6128634430037492,1.666197767154097
002821.SZ,2022-02-22,2.407832366792304,2.379169965146984,2.41639856736703,2.4319988969186572,0.42798192474855373,-0.7034849756186473,-0.30784417136028086
002821.SZ,2022-02-23,2.389200151837482,2.3902256710051506,2.4042655663992023,2.414246380227324,0.06752635125424157,-0.7610476526928756,0.4271129475660864
002821.SZ,2022-02-24,2.479712654760439,2.399594501952997,2.5326425722372408,2.455566022871068,0.46346354955990593,-0.6798747940520782,1.4337987171758666
002821.SZ,2022-02-25,2.631129212385863,2.497006023580052,2.6716994008227335,2.5305857105795204,1.1061171756472938,-0.5731942237424879,3.1112610126147997
002821.SZ,2022-02-28,2.580876069487273,2.630695228216745,2.629075157583197,2.619493580328073,0.10853822302682652,-0.6668981729701977,-0.7851147094736598
002821.SZ,2022-03-01,2.652738245325781,2.573384913240273,2.657854714710445,2.5585871569380596,0.1603857569875297,-0.7244689675159935,1.2206163289692853
002821.SZ,2022-03-02,2.6291974173363855,2.6569746393674167,2.6369837086894545,2.6117996696415147,0.18601715233208604,-0.6672567987742943,-1.0146549096751214
002821.SZ,2022-03-03,2.686043837756104,2.616097800966767,2.6198134615508675,2.637226540114943,-0.03389009479949387,-0.6636091921747546,-0.22352132452198248
002821.SZ,2022-03-04,2.758232315302062,2.6765206728026913,2.7009366475440877,2.722525036852287,-0.07609771666217453,-0.7142018133004756,0.9350141911108149
002821.SZ,2022-03-07,2.789871433339965,2.774390009512951,2.7562095812337732,2.81325251393454,-0.27867611552789123,-0.7147409951624834,-0.1097872358661779
002821.SZ,2022-03-08,2.761708261503642,2.801714106220783,2.7411785035909513,2.7844399012588372,-0.3727339834336487,-0.7222845374997664,0.5652213939317123
002821.SZ,2022-03-09,2.5795733334497895,2.722542183355028,2.673156789052241,2.547501124960797,0.2918057315538166,-0.7248568436014566,-1.333234084181176
002821.SZ,2022-03-10,2.7322977196336313,2.614385082413692,2.6689328507343983,2.6473304251611456,0.1355993056088053,-0.7470926851287898,2.2782886240353797
002821.SZ,2022-03-11,2.6809146735413956,2.7252650520180115,2.693627014906456,2.7083334856800305,-0.15218007323596294,-0.7827609084604666,-1.024170424308123
002821.SZ,2022-03-14,2.702512909167732,2.8467036269836163,2.8155420056002898,2.7186765259567935,0.15026355798525667,-0.7746834459645152,-0.12375373016034824
002821.SZ,2022-03-15,2.7865350954611925,2.691274407298349,2.8004911495815703,2.749259573623415,-0.10878974768567956,-0.7377302267474651,1.6164256799159358
002821.SZ,2022-03-16,2.792383989354132,2.8385033113607863,2.8035328504736516,2.79912534251174,0.0003858345958121385,-0.8015367291115256,0.40899802485408104
002821.SZ,2022-03-17,2.734823947105916,2.791217743029015,2.7359253314393652,2.7799269245485148,-0.018944314233615818,-0.8213385617464544,-0.3549599711071706
002821.SZ,2022-03-18,2.725658626418658,2.7288949316886253,2.7355110128947087,2.7625770274155057,-0.39496570946101156,-0.7652380787138936,-0.8219291083905308
002821.SZ,2022-03-21,2.707962580208698,2.71954780276502,2.700987287293869,2.710099543318769,-0.1502211817303557,-0.7935511338401704,-0.03527084242004249
002821.SZ,2022-03-22,2.604369234216543,2.7077092377506164,2.6854829895967143,2.6189572675270854,-0.09995728599451227,-0.7373606088759573,-2.107903819075461
002821.SZ,2022-03-23,2.764696185998492,2.585000280747417,2.724792925834672,2.595597225614996,0.5493857840595436,-0.7278669612275929,2.9179894442064276
002821.SZ,2022-03-24,3.0446946668338075,2.7645150020943707,3.035466375759081,2.8145138915486756,1.0028890528648737,-0.7036941458483916,3.2976289186365895
002821.SZ,2022-03-25,3.02376351400295,3.000497855272607,2.9881874198701555,3.025974998131253,0.2132812378555687,-0.7583513162006141,-1.086129370035761
002821.SZ,2022-03-28,3.183093078197732,3.1716417493230638,3.19165224895941,3.163294422365174,0.24744189813190368,-0.7233698682652792,1.152657027057722
002821.SZ,2022-03-29,3.3197554564063485,3.1762600960146203,3.242729307198628,3.2053158827005297,0.13714110847765187,-0.7639773390597289,1.6191317735665358
002821.SZ,2022-03-30,3.2162885834797823,3.3110437250802893,3.2053780661339375,3.26739142702647,-0.2588079954216228,-0.7882743797755152,-0.42783894084710056
002821.SZ,2022-03-31,3.191894481061668,3.2020470993109402,3.2913697257596013,3.2323903871478805,-0.010298130613966405,-0.7188594730840329,-0.5421991201402139
002821.SZ,2022-04-01,3.0662866168176097,3.1935680978033925,3.098094389059427,3.0961075207355147,0.08571031523011985,-0.7340216834040318,-1.4500361102168748
002821.SZ,2022-04-06,3.069882686687996,3.120786345581098,3.0991424308575004,3.074975664678789,-0.2647425940484925,-0.6951737298816092,-0.8540289859725673
002821.SZ,2022-04-07,3.0396622208066217,3.077411387093185,3.054608394480185,3.07569398829674,-0.372357362386548,-0.7407245882941731,-0.2515853853945134
002821.SZ,2022-04-08,2.943752135828332,3.0511818239631987,2.990174769627486,2.9661116346263374,-0.24562319295653398,-0.7185233773295764,-1.3554596170403472
002821.SZ,2022-04-11,3.00735921037307,2.957341056833054,2.962576643864799,3.030292530302576,-0.4617397777656203,-0.7933364294797892,0.15985031505889677
002821.SZ,2022-04-12,3.0197280014623233,2.9839281145123513,3.0318542876964507,3.0277666166980945,-0.2825161589847282,-0.8075898234016364,0.577074026886505
002821.SZ,2022-04-13,2.701732922038605,3.0122501597446503,2.9458957046453254,2.742739735583255,0.7324625018910162,-0.7088054918221433,-3.1295319916941744
002821.SZ,2022-04-14,2.641031928405972,2.684957929498038,2.594059506896309,2.641599333818747,0.23753446753350915,-0.7447958145915005,-0.3383775057648545
002821.SZ,2022-04-15,2.687736199598785,2.6507144547846635,2.701674205399556,2.6677386518177184,-0.18751248123005293,-0.7546136326720517,0.6612378464111515
002821.SZ,2022-04-18,2.658887436576103,2.6744197897328865,2.6775955989342837,2.71018578441929,-0.45986186671859886,-0.7935325222787295,0.08385070993707056
002821.SZ,2022-04-19,2.6408538470820706,2.6888133474214673,2.6561922897501344,2.6433948079411067,-0.15832518508280669,-0.7597598920422399,-0.8087433007206276
002821.SZ,2022-04-20,2.5636629831265356,2.650918429631805,2.602167877757655,2.5464183391656037,0.10047833035138573,-0.7464610594231587,-0.9286153129065798
002821.SZ,2022-04-21,2.5425749802744684,2.5636567079765844,2.585831914521681,2.552702835361385,0.6046916686415998,-0.7209307952690868,0.04294701686697029
002821.SZ,2022-04-22,2.5738516167250154,2.56119468358719,2.5477049427338927,2.5378586227200555,0.2831155448147678,-0.7360962706961243,0.1299932044599618
002821.SZ,2022-04-25,2.5050359904948887,2.571754859986835,2.558236961655253,2.5059108485201174,-0.2796612542090297,-0.7803382626733583,-0.6262393796540795
002821.SZ,2022-04-26,2.4723513445995535,2.523641640364316,2.482335065324131,2.5172682268154207,0.07358202568574532,-0.7982860698557022,0.370797139679518
002821.SZ,2022-04-27,2.3597500331033614,2.4604443482298173,2.34568678898413,2.3484840823294366,-0.017104798847878588,-0.765953691485389,-0.761378100205411
002821.SZ,2022-04-28,2.1630393733527784,2.3207573204282776,2.246516304198115,2.184197320474473,0.2893546880742642,-0.7345303703729341,-2.126999205630205
002821.SZ,2022-04-29,2.2465282382093887,2.17885531286244,2.220574253754204,2.2573044245245373,-0.13603906163220725,-0.7850845186338562,0.5733947620892043
002821.SZ,2022-05-05,2.1668391305332144,2.214315525193702,2.1422899852693074,2.1397217453074293,0.01476767824216857,-0.7767712640656643,-1.1344831183879107
002821.SZ,2022-05-06,2.173163084097319,2.1815333478374868,2.1377813951862175,2.2003241213251425,-0.2586907406606984,-0.7643601772832082,-0.3298151659975134
002821.SZ,2022-05-09,2.3022995098184924,2.2254019052660463,2.272516708677654,2.1550929105075793,0.15673721496362247,-0.735341601860162,1.3679219012382664
002821.SZ,2022-05-10,2.27108516216401,2.295249278354439,2.28098153809161,2.317207872052356,-0.10612563720756571,-0.7590336563804305,0.10071070741366607
002821.SZ,2022-05-11,2.3557125162552475,2.298244855390957,2.403326478905165,2.2832900146119,0.3180392282271341,-0.7191295922253826,1.6048542399452397
002821.SZ,2022-05-12,2.4016835678420314,2.3556915263348546,2.4065453413547466,2.3524005035049496,0.17605542221459916,-0.7377474868150339,1.3494713822882731
002821.SZ,2022-05-13,2.348517622707815,2.4055923617533743,2.3968034619531977,2.387003675017624,-0.21082550250228585,-0.7673499543296055,-0.9371995900606543
002821.SZ,2022-05-16,2.318716843972608,2.357793140873526,2.3308441146021885,2.328235234203787,-0.24023626746489218,-0.7851865315727626,-1.0932730559835753
002821.SZ,2022-05-17,2.2452596181366,2.2968054669207176,2.223090648826469,2.26862698412478,-0.2704535741913355,-0.7807655362256879,-0.4851282789053248
002821.SZ,2022-05-18,2.1563654529435134,2.225766219748873,2.243951102106521,2.184748983670031,0.06124516132502774,-0.7555835901592739,-1.6737743342118157
002821.SZ,2022-05-19,2.113198793724225,2.157471032309212,2.1248351364907894,2.151385972301528,-0.08319177130859837,-0.7749818373072948,-0.5985300195408231
002821.SZ,2022-05-20,2.1385228159360103,2.118985134963164,2.14356559625626,2.1414812547934865,-0.06492448929544381,-0.7197729987859912,0.6489870320258997
002821.SZ,2022-05-23,2.123470840135104,2.1252774510480457,2.145571971708538,2.151284976508933,-0.3924907570473724,-0.7026605263787776,-0.5272101029255192
002821.SZ,2022-05-24,2.024653477231614,2.108025701534463,2.108460109499479,2.0282475141447187,-0.013670297724753394,-0.6898251280849472,-1.6402559631578477
002821.SZ,2022-05-25,1.981891318975755,2.022024729441795,2.0083654480838526,1.985109812398209,0.08392872232812455,-0.7058138232984223,-1.6503907991888753
002821.SZ,2022-05-26,1.907778834974256,1.978952645886376,1.9584048870571842,1.951636832011583,-0.11022948704972317,-0.76252520904208,-2.0469403353877773
002821.SZ,2022-05-27,2.064335763536501,1.958952846012925,2.0841351437348425,1.9794605466194082,1.427460126524909,-0.644907320328279,3.2006564671381703
002821.SZ,2022-05-30,2.010677788818519,2.0425604919955016,2.0522748702347537,2.0157816613594144,0.35571479030331765,-0.7182178079574714,-0.2873542971647381
002821.SZ,2022-05-31,2.034071901483302,2.01843572919271,2.0249770376223672,2.022740631861492,0.03410909696417315,-0.7910321463477337,0.7853733074832177
002821.SZ,2022-06-01,1.9819979222855566,2.0430724917800247,2.0270267523716137,2.006332777643117,0.19412403218480453,-0.7668269360324782,-0.876630346379
002821.SZ,2022-06-02,1.8873029416766678,1.9943575765902912,1.9185017627811551,1.9459901546466034,0.009197211402635068,-0.766989508653595,-1.4232862964112314
002821.SZ,2022-06-06,2.0042665364367274,1.939577850998199,1.9922389463321004,1.952298235259257,0.06120277987119292,-0.7189940748702998,1.9873968264933468
002821.SZ,2022-06-07,2.060311982661805,2.051843162298987,2.081266407394707,2.0608600569941187,0.15611325669974976,-0.7829163581790031,1.0477415885643586
002821.SZ,2022-06-08,2.0993811687040376,2.0844369551139317,2.1338474409550483,2.116364232726452,0.2529722580340013,-0.7730055663041259,0.8602878606149519
002821.SZ,2022-06-09,2.0943528830106186,2.0871700258070045,2.122226892092634,2.0926612841966903,-0.0028886832405710353,-0.7399982477592855,-0.9181840294810691
002821.SZ,2022-06-10,2.037857863827124,2.09084910427909,2.0257860276875848,2.059559931893884,-0.2055837044195658,-0.750919320074151,-0.7625797921467948
002821.SZ,2022-06-13,1.9864344010909891,2.003715177276615,1.9650242484092495,1.9361745625250926,0.17108356573457534,-0.7277108879418765,-1.1087698364217127
002821.SZ,2022-06-14,1.965663693479694,1.9711540611562615,2.032563147786802,2.004705961221045,-0.20775158038261451,-0.7676379815884413,-0.7177026860485483
002821.SZ,2022-06-15,1.9669130981944176,1.9645945660176605,1.9688317251406509,1.992015608627549,-0.2319207379313669,-0.7057831075087844,-0.1251576976478562
002821.SZ,2022-06-16,1.9763067867218416,1.9828040341043844,1.9764499568812914,1.9905635986582404,-0.1967121008450633,-0.7171224268195673,0.6504327360774445
002821.SZ,2022-06-17,1.947703937087152,1.9756695142858456,1.934580788875986,1.9038071085395833,0.23717061553772703,-0.7448697804009718,0.22246364901565668
002821.SZ,2022-06-20,1.9312166212839845,1.9341766114119021,1.9215941870341862,1.9462888787920931,-0.15397160462543896,-0.7798785638956343,0.18418505289208392
002821.SZ,2022-06-21,1.9003330408874954,1.9628721563192644,1.9214203944192265,1.9210242396599222,-0.12049245802720111,-0.6846647947617753,-0.7193743485120326
002821.SZ,2022-06-22,1.8586002096395415,1.8934610830966396,1.8668850248301594,1.8765083629874437,-0.27685465660400316,-0.6425328957715062,-0.5442893934991135
002821.SZ,2022-06-23,1.7576156268225704,1.850019020927841,1.8174553848703248,1.7910119962532012,0.053394602512221306,-0.6015829230566163,-1.4417078873627058
002821.SZ,2022-06-24,1.9578517239313218,1.7414908850397859,1.920772594083325,1.7763797238261294,0.8480862596710059,-0.5970804855890368,3.1516923949482183
002821.SZ,2022-06-27,1.9709364308252793,1.9777635527198485,1.9799396018909317,1.995342689762449,0.5776257165876204,-0.6325077170342043,0.40210321395452314
002821.SZ,2022-06-28,1.9333505913577131,1.9725684257306717,1.9341805576920335,1.948320480731945,0.009388463422039016,-0.6656263650486972,-0.77177874727702
002821.SZ,2022-06-29,1.9615503616097218,1.9484580075539761,1.9667333160107023,1.9600248496991908,0.13237097984621327,-0.7052098016254382,0.2924806363874279
002821.SZ,2022-06-30,1.9616514712268236,1.9589601042588058,1.9746350163380704,1.9627669436103203,0.35089435411269765,-0.7028368627604895,0.43504908437483
002821.SZ,2022-07-01,1.9419195828882179,1.9732059363673102,1.952746239368269,1.954893599589363,0.11103565511732873,-0.7129892267408345,-0.6547766733577801
002821.SZ,2022-07-04,2.1140347895268365,1.946549025145698,2.133666044047897,1.9836958893982939,0.9763690659563937,-0.6996982106128717,2.372467828154749
002821.SZ,2022-07-05,2.1659311288314416,2.1454699202236727,2.193131750528513,2.1236351993745326,1.0558084670648136,-0.7049666703176428,0.9796521162686106
002821.SZ,2022-07-06,2.2167172752992825,2.1490796465236,2.2308406861247896,2.2011769192395705,0.7829139443992517,-0.7195008632777349,1.0764492878730498
002821.SZ,2022-07-07,2.1016719596987876,2.210532345093893,2.1620113513508787,2.1312586644958897,0.35329180115530323,-0.6874558938190997,-1.623753901565209
002821.SZ,2022-07-08,2.1226964175505345,2.0826259001124416,2.100822170043973,2.1168269377240674,0.09273666188186958,-0.7353833193683925,0.21274879903453567
002821.SZ,2022-07-11,2.0787308018694257,2.142744363584448,2.124282360215692,2.082065195585002,0.25319680604926076,-0.7274017791976429,-1.0666956094567692
002821.SZ,2022-07-12,1.890584015149147,2.1204012508485084,2.105814423495893,1.9164076611408336,1.15486263627116,-0.6462802671213701,-3.0421302106427714
002821.SZ,2022-07-13,1.8873907949600752,1.8903181337131678,1.8576632607342003,1.876638880689653,0.13780440019910775,-0.7094601091935181,0.06316702543680786
002821.SZ,2022-07-14,1.8855993711665195,1.904308578974867,1.9337430932500226,1.9184031014440304,0.354491148372671,-0.6479265519760055,0.5073031088360617
002821.SZ,2022-07-15,1.8758728344225608,1.9262917975410445,1.9206817039065036,1.9059103819581247,0.37076072287796646,-0.7154787807294807,0.546195521280379
002821.SZ,2022-07-18,1.8760226860421885,1.8858357368653815,1.853635447173984,1.8595659370884192,0.1455916551218081,-0.7689269752416158,-0.5537874943253004
002821.SZ,2022-07-19,1.8796165267033647,1.8825972943579865,1.9007673463626709,1.8828531949464267,0.11142069016456574,-0.7598938347385799,-0.6971359571027699
002821.SZ,2022-07-20,1.8954081925503659,1.88195433471203,1.8794660854089893,1.8827212977022707,0.36516438671203283,-0.7679094205289831,0.5578760017897044
002821.SZ,2022-07-21,1.8794232235641701,1.89534519233836,1.848803116994428,1.8707696545646002,-0.1263250070711326,-0.704217441437272,0.1145714100577085
002821.SZ,2022-07-22,1.8087700032668543,1.864924708308997,1.850612206191204,1.8223276780701465,0.1990021633875898,-0.7024901089160729,-1.7274442127850662
002821.SZ,2022-07-25,1.7635119331247218,1.7841016955383548,1.8057066454839446,1.7894455493123669,0.3832688532831024,-0.7185544421307312,-1.0153317672899742
002821.SZ,2022-07-26,1.7409458668086908,1.7699938863429194,1.7396813727051776,1.7342424937929963,0.11549795159164125,-0.7255236857075595,-0.5477190236566248
002821.SZ,2022-07-27,1.6571379757718754,1.7311613547459095,1.7071583981090495,1.6749693353901514,0.9822519170383358,-0.6151219428331517,-2.413284970014904
002821.SZ,2022-07-28,1.6542229821629157,1.675357897190944,1.641038235020065,1.6600184503204547,0.040857040379625925,-0.7242232910496006,-0.16853427181571426
002821.SZ,2022-07-29,1.598358330381611,1.6591409328201852,1.6424918080612794,1.6173336891270196,0.480750142806881,-0.6942131130000672,-1.5880434177781584
002821.SZ,2022-08-01,1.5437885759407082,1.5849712282832233,1.5470600106119856,1.5859146049271229,-0.060202643834488596,-0.7275251655861041,-0.4587575426684476
002821.SZ,2022-08-02,1.4819832754520186,1.5465548856286844,1.5018235169113896,1.4679507523507356,0.028924079860056004,-0.7523691345768426,-0.6644455797439609
002821.SZ,2022-08-03,1.4980666097245436,1.4909852895419473,1.476650812689453,1.4951731414267253,-0.10023869512186542,-0.7662297377043517,0.4705130803261528
002821.SZ,2022-08-04,1.6825796039449126,1.5592002582701168,1.6544518686281235,1.581307210159584,1.3744576483047362,-0.5457679404331359,3.1858486285542917
002821.SZ,2022-08-05,1.6193816385241635,1.6508995322799205,1.6207761254474016,1.664508517989901,0.3036275253300653,-0.7469689325316269,-0.8885280489574997
002821.SZ,2022-08-08,1.6458261331320752,1.6044405148938168,1.62314331132111,1.6121720868772036,0.35569758178904776,-0.7467564303429348,0.469090848727759
002821.SZ,2022-08-09,1.65004511962302,1.6392042923526013,1.64119652933825,1.664694947974108,0.02218656751020032,-0.7829512826146642,0.11453494315862657
002821.SZ,2022-08-10,1.6080432112546392,1.6719537442609065,1.6381976611191333,1.6329724314437322,0.23707102695609272,-0.7492283127699958,-1.3421997474206417
002821.SZ,2022-08-11,1.6897217497614168,1.6031505264526724,1.6646387324237888,1.6376094458271409,0.16890050470463452,-0.715039230771831,1.218406487249732
002821.SZ,2022-08-12,1.7442831495812712,1.69611472211399,1.7194484654137379,1.6920298316115585,0.26924272404768845,-0.6982706594002481,0.945326468069647
002821.SZ,2022-08-15,1.6771976893341511,1.721265540350855,1.6787619931474562,1.6893741621055967,0.04953912030028678,-0.7572395152951238,-1.2518519988836472
002821.SZ,2022-08-16,1.667794238578829,1.6690287664491088,1.6474537544785641,1.669430737423578,-0.20555260657104152,-0.8002804458392825,-0.17700185372378774
002821.SZ,2022-08-17,1.6857251601952532,1.663668663921479,1.689586148581576,1.6843852537589807,-0.22270473878815003,-0.7740285917088268,0.5305508885845961
002821.SZ,2022-08-18,1.6433047419208797,1.6932438014688462,1.657239802594601,1.6727864968668997,-0.24680268515784803,-0.7553010470787834,-0.8167804332568591
002821.SZ,2022-08-19,1.6468824920973149,1.6371465512137118,1.6263617983209375,1.6585428273185534,-0.37362041350331293,-0.7661804031117332,-0.40544550530534645
002821.SZ,2022-08-22,1.6640992202276894,1.6354407574048848,1.635327796392841,1.6339422052290118,-0.3546357688036504,-0.7782886914888723,0.35566004953751795
002821.SZ,2022-08-23,1.588768158806677,1.6381516000960612,1.6202723844701192,1.5894547258286982,-0.050926448836239355,-0.7674341448048425,-1.8877579044886657
002821.SZ,2022-08-24,1.6233524898897003,1.5651589542778024,1.6193190215586164,1.6327981237505056,-0.22672510391685838,-0.7813618288661247,0.5381871551604699
002821.SZ,2022-08-25,1.6397254156422694,1.6204924890317909,1.6121391966060479,1.6268404064046236,-0.34745357188672965,-0.7797382027199132,-0.03023418671778183
002821.SZ,2022-08-26,1.6872549241953165,1.6582880183882163,1.6838157606333513,1.6637143504175895,0.2265384967692394,-0.7150152257924929,1.3665269113417695
002821.SZ,2022-08-29,1.572848448881417,1.665626653421502,1.6356398173451845,1.6045037767795247,0.41893716638101175,-0.7239251823304382,-2.8668498073285393
002821.SZ,2022-08-30,1.5947037005646372,1.5657914505102832,1.5622402338198802,1.577122236968786,-0.057205721923437314,-0.767709490403257,0.6748156634819994
002821.SZ,2022-08-31,1.7171019534685605,1.6102685823669844,1.7089638739393993,1.6575609020322508,0.3230741218981424,-0.7076212116060953,1.8718865660695836
002821.SZ,2022-09-01,1.7266002677428791,1.7154458592739685,1.7324608806897757,1.7366523245757841,0.13589254734086392,-0.8011332664600922,-0.035879485723982335
002821.SZ,2022-09-02,1.6652258001758495,1.7185933711485726,1.7130874697395522,1.6720392622342723,0.37409394155610853,-0.7703314095108597,-1.7524573373476207
002821.SZ,2022-09-05,1.614338468687834,1.6728802123876074,1.6461835644626839,1.6587089725898747,0.14931972805001628,-0.7752576158833263,-0.8729377874711147
002821.SZ,2022-09-06,1.6430741769814152,1.629568901337621,1.627812372415309,1.62338437616113,-0.06786454252038975,-0.7908580651433196,0.3636281218223824
002821.SZ,2022-09-07,1.660625815652028,1.6312691399048587,1.649286673346536,1.5818608356656378,0.5722902534585379,-0.6245740820957342,1.0490602855684295
002821.SZ,2022-09-08,1.6608595038733946,1.6572572167856925,1.6376011772438337,1.6315358029830984,0.1513477197148663,-0.7321780794086358,-0.091505095277984
002821.SZ,2022-09-09,1.6448998665056491,1.7182623106207116,1.713418229300853,1.6865579977983851,0.004498691465141726,-0.7364791718790198,-0.6104150996522931
002821.SZ,2022-09-13,1.3974675334065867,1.5546185239524433,1.515228560398462,1.4317004764425165,1.1228999511913391,-0.6063307167945722,-3.5736103803698915
002821.SZ,2022-09-14,1.355203750383021,1.2841298990790557,1.3400567282936935,1.3029109868283182,0.825254205015181,-0.6410943733457481,-0.9723682057014105
002821.SZ,2022-09-15,1.4390640978346383,1.4170850472702676,1.4347600464693218,1.4469353381534622,0.19126907276300972,-0.7069009647810525,1.126507121210721
002821.SZ,2022-09-16,1.3467616791860137,1.422002944870736,1.414194237998498,1.3678227910545488,-0.01709530841850768,-0.7075327860411351,-1.3370253607192926
002821.SZ,2022-09-19,1.3677029752752967,1.334566578347716,1.331210460912715,1.3378121440090511,-0.015669089885057257,-0.7198863646613978,0.5518984622929466
002821.SZ,2022-09-20,1.3601521258158344,1.3550188670524579,1.3383571060060844,1.3508057210785522,-0.15969832252998764,-0.7514567934238235,0.05863227355750364
002821.SZ,2022-09-21,1.3466186500420028,1.3525267013319593,1.3476340705431626,1.3565802619108367,-0.21838378747634726,-0.7345426926922696,-1.339879404981112
002821.SZ,2022-09-22,1.3265722206240584,1.3339534590952233,1.3289769247288585,1.343514053014699,-0.211290478271069,-0.7293540892401701,-0.6882324313953213
002821.SZ,2022-09-23,1.3630849087681052,1.3214822486672515,1.3307983216576431,1.3455862308354227,-0.12273757433683033,-0.7157175920442264,0.5368356995990342
002821.SZ,2022-09-26,1.3376277905473026,1.357067293260644,1.3368965649757463,1.3594512667624963,-0.19978455748114404,-0.6983371040248787,0.5695644408503258
002821.SZ,2022-09-27,1.3862089574924294,1.3440369926407074,1.3775197361309774,1.3514217891821494,0.10655469883229313,-0.7332799869444027,1.2856043223012328
002821.SZ,2022-09-28,1.3561399488115786,1.3626953890580005,1.3768551622265042,1.367309536056755,-0.15581420416082328,-0.764609895012855,-0.7780180780264953
002821.SZ,2022-09-29,1.3585193865814074,1.3734838965039897,1.388127233219834,1.3789906150900741,0.271982944721046,-0.7305165577860162,0.3799787809477456
002821.SZ,2022-09-30,1.3707588462866358,1.3520810246441932,1.359837026451135,1.3795744198002589,-0.07266164247373919,-0.7501003091845899,-0.2892041048610783
002821.SZ,2022-10-10,1.3236642580281157,1.4035372514284137,1.39794681366375,1.3386558405959397,0.16783044690152793,-0.6667422026761504,-1.38405683742146
002821.SZ,2022-10-11,1.3480337188944982,1.3316394380207557,1.3158711890635353,1.3397899103489308,0.05282645906112802,-0.6931307565497786,0.3459524910687425
002821.SZ,2022-10-12,1.324026267813882,1.3390020733730776,1.309678930228893,1.3420585899744482,-0.10661703492968708,-0.6839948405016304,-0.5305211378726378
002821.SZ,2022-10-13,1.3920865016210153,1.3515869948358057,1.4203435561793318,1.3670010794990717,0.2866326032806781,-0.662455658873956,1.4162655927307166
002821.SZ,2022-10-14,1.5325298892157848,1.3859201025964687,1.4969917706933846,1.4141287194560839,0.7486144180238968,-0.6182567045977523,3.0279760195814847
002821.SZ,2022-10-17,1.5435882178952196,1.5702573356462253,1.5816563980730396,1.5715011020597691,0.9278844913741002,-0.6144054987555639,-0.17994608459920117
002821.SZ,2022-10-18,1.559908646621984,1.5315960952856753,1.5556772136531496,1.525193158208031,0.4850499617281123,-0.7216537019003328,0.5114252641527831
002821.SZ,2022-10-19,1.5657453050463461,1.5507696898699586,1.5287614893024375,1.5754530064419645,-0.09596221257851509,-0.7708637045834126,0.04608071583318142
002821.SZ,2022-10-20,1.525369078295383,1.5709843348688808,1.5460690371579158,1.595022268810988,0.11112209414708313,-0.785292403330357,-0.6349959103992097
002821.SZ,2022-10-21,1.4813756897458414,1.5278153025971444,1.518219100683232,1.5082298064258128,0.5205629387269788,-0.6874029195566352,-1.2598425790746928
002821.SZ,2022-10-24,1.4503007378762323,1.5393318000129277,1.5095930388155336,1.4718797163844364,0.21830949586952567,-0.7293147827322062,-0.9356901233040201
002821.SZ,2022-10-25,1.4747113660928042,1.4691615024343185,1.4689009571197313,1.47830301617338,0.2759767632381868,-0.7100375674661822,0.2766738505981955
002821.SZ,2022-10-26,1.6168121920451053,1.4723313683955643,1.5945146058231134,1.4991744555795792,1.0305504106788725,-0.6018758629453451,2.4179726068696583
002821.SZ,2022-10-27,1.6762015733411146,1.6174151063489985,1.6185041487561567,1.6474334320199928,0.5007072770600758,-0.6735464388133848,0.24405871258671671
002821.SZ,2022-10-28,1.7264544102650143,1.6900256135243252,1.734789243993998,1.7054082620369504,0.6992015896694078,-0.7067232295883337,1.1333549686358202
002821.SZ,2022-10-31,1.619027864575969,1.721727970486449,1.6498872202750454,1.6647526399754873,0.38920199736303035,-0.7248555973085576,-1.1207364565152282
002821.SZ,2022-11-01,1.6421120236485265,1.6499354772614974,1.6266779033791028,1.6365411508317007,0.3243708311712673,-0.6936977290179905,0.6224376639550306
002821.SZ,2022-11-02,1.6304273582452176,1.6385146388592104,1.6294346285921446,1.6567192836211415,0.4378742053541552,-0.6800911173372591,-0.23487537197687783
002821.SZ,2022-11-03,1.6666879470171179,1.6371121368607768,1.6887399577462427,1.641897143678659,0.5867648046085477,-0.6504349677774254,0.826545736052976
002821.SZ,2022-11-04,1.6290584975305538,1.6753863279253722,1.6105674870507543,1.6576006419229263,0.06370937974741302,-0.7291761320812077,-0.4871647509341623
002821.SZ,2022-11-07,1.6501365318932495,1.6324086201159562,1.6118598863189548,1.6307389492498396,0.4885031852200876,-0.6181075013330997,0.2810195213221762
002821.SZ,2022-11-08,1.5973913382740543,1.6382648671165025,1.6141587444563985,1.6141341833691147,0.5131359960131769,-0.6555205644484583,-2.245104379482658
002821.SZ,2022-11-09,1.6383760643028957,1.5917515122289934,1.6143511360624134,1.6252356013861653,0.22489420869837196,-0.6838777544812172,0.608355710095391
002821.SZ,2022-11-10,1.6376249269395302,1.651410889946179,1.6671698501019436,1.6627219828397128,0.22296167303925798,-0.5903600727470779,-0.5655872265324836
002821.SZ,2022-11-11,1.676039902635059,1.6474620927107142,1.696095575283556,1.6850331127232965,0.696986603871046,-0.5947615928659815,0.5766423469478101
002821.SZ,2022-11-14,1.7092748969353124,1.644700445771223,1.6905730538775636,1.6915084474634505,0.16540218672431084,-0.6761681717729999,0.3587533413779406
002821.SZ,2022-11-15,1.6857330047007204,1.70501633189182,1.6567740804433886,1.6594308480144324,0.15434432201268466,-0.6987542670298698,-0.2854999001807969
002821.SZ,2022-11-16,1.6766666613357335,1.6839763479865193,1.6952210324326076,1.6833200108758164,0.37946283165319306,-0.6601622215595937,-0.2868140885280007
002821.SZ,2022-11-17,1.6490542412210774,1.6669732702927524,1.6491336026866172,1.6876509397054034,-0.08564976459822995,-0.756882425955162,-0.607088575721401
002821.SZ,2022-11-18,1.6267028220603814,1.6053347316086586,1.607222430444947,1.648612406950664,-0.07293787315453833,-0.7509280498154491,-0.3913148790421793
002821.SZ,2022-11-21,1.6128836556213415,1.5962636519398143,1.5953380143370988,1.5947519721520012,0.020146974117356026,-0.7373323616065659,-0.6825910958081158
002821.SZ,2022-11-22,1.5641543206836888,1.6288619491576466,1.6319147858675047,1.579150179044412,-0.05562470057915857,-0.6310154508041429,-1.366168107976278
002821.SZ,2022-11-23,1.4763556772735176,1.5595822510258646,1.5426215314257845,1.510625745719446,0.41478285431116146,-0.5446705137986634,-2.4596121180001553
002821.SZ,2022-11-24,1.495883435126187,1.4702248990450397,1.4775464113164374,1.5023394580428011,-0.1893400838371408,-0.6679482602700537,0.4931235584580875
002821.SZ,2022-11-25,1.490960572329431,1.48085039636154,1.468503516598055,1.4819553835402517,-0.4360982720242049,-0.6228415892869403,-0.6197988707901241
002821.SZ,2022-11-28,1.428197957512915,1.4252074757184123,1.4168478633917867,1.4225070539057967,0.15780628572616348,-0.6405694506227321,-1.451198015851729
002821.SZ,2022-11-29,1.426560840034569,1.4117272886888943,1.417524245243942,1.440717794301756,-0.3797979066885242,-0.6961401303066077,-0.18951663430308052
002821.SZ,2022-11-30,1.3888147723902309,1.4318365195019245,1.393910172544095,1.4213902426467315,-0.4433205040361289,-0.6597389440990068,-0.82337007624781
002821.SZ,2022-12-01,1.3948393139413726,1.3786164916822337,1.3614780685627426,1.3910837290108469,-0.3925116186183023,-0.6864687412560975,0.7526743160751965
002821.SZ,2022-12-02,1.3425693465379633,1.3852494271033169,1.3534989025184012,1.3617577824176503,-0.04934033269432292,-0.6682927128357505,-1.6715811399926401
002821.SZ,2022-12-05,1.344775812362793,1.3460145868631836,1.3325963679398571,1.3553265194002955,-0.4704288324454004,-0.6629398564793827,-0.533201869458485
002821.SZ,2022-12-06,1.3124906361542936,1.3376647593870126,1.307798198343683,1.3491584138623847,-0.35972494963693813,-0.6495797406922479,-0.03681738611614813
002821.SZ,2022-12-07,1.3463151876638924,1.3057067042558448,1.3239468259824334,1.3228306662050726,-0.26955841734566127,-0.6740213370528253,1.2201434262840267
002821.SZ,2022-12-08,1.3374812500479683,1.3465550911941992,1.3336117347459109,1.3477990702812506,-0.36794948873441335,-0.7022426413703743,-0.3225741519187004
002821.SZ,2022-12-09,1.3219276109013356,1.3357190910156336,1.3104202874380089,1.3458366248316334,-0.5051525173274117,-0.7413776905954392,-0.12600380901814315
002821.SZ,2022-12-12,1.3120704004376442,1.3239845892429796,1.3149903850060445,1.3436565953362098,-0.339635289229396,-0.7516304768039574,0.20902535466238611
002821.SZ,2022-12-13,1.3232471394828726,1.3138487137125505,1.2991612709322673,1.313180917761159,-0.32464749909169976,-0.6923558379370921,-0.009155763552919744
002821.SZ,2022-12-14,1.31086895642511,1.3166721894850115,1.3110472119726653,1.3252476548394307,-0.41256985105055155,-0.7154313186918816,-0.08707917895939282
002821.SZ,2022-12-15,1.2973910099751527,1.2999139042400774,1.2747443937118261,1.3108601535705589,-0.26751821401316317,-0.7235247370682509,0.0929803116566924
002821.SZ,2022-12-16,1.2544676058254898,1.294888390548805,1.2788345647273682,1.2832879957070191,0.10904020441096669,-0.6801968871655002,-1.6662689684142629
002821.SZ,2022-12-19,1.244851728284854,1.2493296888574748,1.23939711714286,1.2526788124139359,-0.2845296691030208,-0.7047668972328226,0.10281148475829242
002821.SZ,2022-12-20,1.270029808207237,1.2372489294644364,1.2331530478808062,1.2633565264454387,-0.290153674708019,-0.7446269312467257,0.39130065979798506
002821.SZ,2022-12-21,1.2239767644901582,1.2633798664496114,1.246282918349785,1.2371803973353708,-0.006985619488414429,-0.7044102069972127,-1.4550111529170744
002821.SZ,2022-12-22,1.2848462750403298,1.219553463036588,1.306247434607438,1.2458206903477858,0.4096364070528303,-0.661189853643743,1.919949075996885
002821.SZ,2022-12-23,1.3127694933769163,1.2801338238738236,1.3131848113984759,1.2846741921298237,0.18049315649322475,-0.6825672783336858,1.0606679487299098
002821.SZ,2022-12-26,1.3023160457918943,1.3172757091300016,1.290802334248941,1.3267184400269165,-0.31992291051488825,-0.7609686396818341,-0.17156658109573011
002821.SZ,2022-12-27,1.3329080979986256,1.3111751336711994,1.3172188081695062,1.3251584932512699,0.27564073825515006,-0.6764522346875967,1.046693961307124
002821.SZ,2022-12-28,1.389462762324642,1.3235335553875622,1.406940654923153,1.3505658749183884,0.8391978327767609,-0.601473255377839,1.9097880246375618
002821.SZ,2022-12-29,1.5327626292548726,1.3775363685209936,1.5315452416745914,1.397275352873567,2.5186214459329497,-0.4687446484626032,3.235996435999264
002821.SZ,2022-12-30,1.5328837979816825,1.5065693320736218,1.5216653716669766,1.5346860072389163,1.055545751315479,-0.6075320733268348,-0.29569394393981496
